index,published,topic,term,domain,language,valid,de,title,description,en,la,url,image,archive,content,quote,added,feed,country,ipcc,continent
b2421970936b9d782b891653a3e39b8d,2026-08-01T02:31:42Z,Storm,عاصفة,www.bbc.com,ar,0.9,"Ist das Ende für Infantino nahe? Wer ist der Kandidat für seine Nachfolge? FIFA-Präsident Gianni Infantino erntet heftige Kritik, nachdem er versucht hat, WM-Anteile zu verkaufen. Wenn er geht, wer wird ihm nachfolgen?",هل اقتربت نهاية إنفانتينو؟ ومن المرشح لخلافته؟,يواجه رئيس الفيفا، جياني إنفانتينو، عاصفة من الانتقادات بعد محاولته بيع حصص في كأس العالم. إذا رحل، فمن سيخلفه؟,"Is the end near for Infantino? Who is the candidate to succeed him? FIFA president Gianni Infantino is facing a storm of criticism after trying to sell World Cup stakes. If he leaves, who will succeed him?","Estne finis Infantino prope? quis candidatus ei succedet? FIFA praeses Gianni Infantino tempestatem criticae obversatus est postquam Mundi Calicem sudes vendere temptavit. Si relinquit, quis ei succedet?",https://www.bbc.com/arabic/articles/cz05y8jv2meo,https://ichef.bbci.co.uk/news/1200/branded_arabic/feaa/live/b1e19dc0-8cf7-11f1-b2ab-0dd01740f9f6.jpg,,"Getty Images
() 19 /
Article Information<ul><li></li><li></li><li></li></ul>
 .
 .
 19 / .
 .
 . 
() () .
 .
 : "" "".
.
 2026.
 """" .
 .
 .
.
 : "" "" .
"" "" .
 "" "" "" "". 
: "" "". 
 201… [+612 chars]",,2026-08-03 13:24:18+00:00,random,,,
29d7554eb506ad12d8bc6ebdfeaf519e,2026-08-01T21:07:21Z,Storm,عاصفة,sarabic.ae,ar,0.9,"Meteorologe: Ein magnetischer Sturm könnte innerhalb von 24 Stunden die Erde treffen. Der Experte des Phobos Meteorological Center, Michael Leos, erwartete, dass die Erde in den nächsten 24 Stunden mit einer Wahrscheinlichkeit von bis zu 75 % einem magnetischen Sturm ausgesetzt sein würde, als Folge eines „koronalen Massenauswurfs“, der am 30. Juli letzten Jahres auf der Sonnenoberfläche beobachtet wurde.",خبير أرصاد جوية: عاصفة مغناطيسية قد تضرب الأرض خلال 24 ساعة,"توقع الخبير في مركز ""فوبوس"" للأرصاد الجوية، ميخائيل ليوس، أن تتعرض الأرض لعاصفة مغناطيسية خلال الساعات الأربع والعشرين المقبلة، باحتمال يصل إلى 75%، نتيجة ""انبعاث كتلي إكليلي""، رُصد على سطح الشمس في 30 يوليو/ تموز الماضي.","Meteorologist: A magnetic storm may hit the Earth within 24 hours. The expert at the Phobos Meteorological Center, Michael Leos, expected that the Earth would be exposed to a magnetic storm during the next 24 hours, with a probability of up to 75%, as a result of a “coronal mass ejection” observed on the surface of the sun on July 30 last year.","Meteorologist: Tempestas magnetica Terram intra 24 horas ferire potest. Peritus apud Phobos Meteorologicum Centrum, Michael Leos, expectavit Terram tempestati magneticae proximam 24 horis obnoxiam fore, probabilitate usque ad 75%, ob ""eiectionem missae coronalis"" in superficie solis ante annum 30 iulii observatum.",https://sarabic.ae/20260801/%D8%AE%D8%A8%D9%8A%D8%B1-%D8%A3%D8%B1%D8%B5%D8%A7%D8%AF-%D8%AC%D9%88%D9%8A%D8%A9-%D8%B9%D8%A7%D8%B5%D9%81%D8%A9-%D9%85%D8%BA%D9%86%D8%A7%D8%B7%D9%8A%D8%B3%D9%8A%D8%A9-%D9%82%D8%AF-%D8%AA%D8%B6%D8%B1%D8%A8-%D8%A7%D9%84%D8%A3%D8%B1%D8%B6-%D8%AE%D9%84%D8%A7%D9%84-24-%D8%B3%D8%A7%D8%B9%D8%A9-1115692438.html,https://cdn.img.sarabic.ae/img/07e7/0c/04/1083743009_18:0:1184:656_2072x0_60_0_0_5ff42d8f32a6786e4a206e421e978714.jpg.webp,,,,2026-08-03 13:24:18+00:00,random,,,
