,phrase,label,sentiment,subjectivity,language,count
Iran,,,,,,
China,,,,,,
US,,,,,,
America,,,,,,
Europe,,,,,,
Venezuela,,,,,,
Israel,,,,,,
France,,,,,,
Canada,,,,,,
the United States,,,,,,
Nepal,,,,,,
Egypt,,,,,,
Washington,,,,,,
Japan,,,,,,
Spain,,,,,,
Algeria,,,,,,
Texas,,,,,,
Toronto,,,,,,
Morocco,,,,,,
Syria,,,,,,
Tehran,,,,,,
Philippines,,,,,,
Iraq,,,,,,
New York,,,,,,
Colorado,,,,,,
Indonesia,,,,,,
United States,,,,,,
Lebanon,,,,,,
Mexico,,,,,,
California,,,,,,
Tunisia,,,,,,
Australia,,,,,,
Earth,,,,,,
Qatar,,,,,,
Russia,,,,,,
Gaza,,,,,,
USA,,,,,,
Italy,,,,,,
Guatemala,,,,,,
Sudan,,,,,,
Ontario,,,,,,
Wisconsin,,,,,,
Mediterranean,,,,,,
North Carolina,,,,,,
Türkiye,,,,,,
Indiana,,,,,,
Midwest,,,,,,
Ukraine,,,,,,
the Strait of Hormuz,,,,,,
Jordan,,,,,,
Madagascar,,,,,,
New York City,,,,,,
Mount Etna,,,,,,
Florida,,,,,,
Illinois,,,,,,
Minnesota,,,,,,
Laos,,,,,,
Montreal,,,,,,
Colombia,,,,,,
Britain,,,,,,
Germany,,,,,,
Saudi Arabia,,,,,,
Arctic,,,,,,
Hawaii,,,,,,
Greece,,,,,,
Utah,,,,,,
Madrid,,,,,,
New Jersey,,,,,,
Afghanistan,,,,,,
Dallas,,,,,,
England,,,,,,
Argentina,,,,,,
Chicago,,,,,,
Georgia,,,,,,
Oklahoma,,,,,,
Nebraska,,,,,,
Poland,,,,,,
Sicily,,,,,,
Portugal,,,,,,
Paris,,,,,,
Peru,,,,,,
Brazil,,,,,,
the Gaza Strip,,,,,,
Turkey,,,,,,
Pakistan,,,,,,
the West Bank,,,,,,
Cairo,,,,,,
Ethiopia,,,,,,
Hormuz,,,,,,
Belarus,,,,,,
Missouri,,,,,,
Yemen,,,,,,
Philadelphia,,,,,,
Massachusetts,,,,,,
Myanmar,,,,,,
New Zealand,,,,,,
Kabul,,,,,,
Kilauea,,,,,,
La Guaira,,,,,,
South Florida,,,,,,
Bulgaria,,,,,,
Mississippi,,,,,,
Maryland,,,,,,
Caracas,,,,,,
the Indian Ocean,,,,,,
Kuwait,,,,,,
South Korea,,,,,,
Western Australia,,,,,,
Bahrain,,,,,,
Beijing,,,,,,
Doha,,,,,,
Los Angeles,,,,,,
Alaska,,,,,,
Denver,,,,,,
Belgium,,,,,,
Virginia Beach,,,,,,
Uvalde County,,,,,,
Northeast,,,,,,
Istanbul,,,,,,
El Salvador,,,,,,
Michigan,,,,,,
Ottawa,,,,,,
Guangxi,,,,,,
the Atlantic Ocean,,,,,,
the Great Lakes,,,,,,
the Seine River,,,,,,
Central Park,,,,,,
New England,,,,,,
the Middle East,,,,,,
Thailand,,,,,,
the Red Sea,,,,,,
West Bank,,,,,,
Emirates,,,,,,
Tigris,,,,,,
Sydney,,,,,,
Tel Aviv,,,,,,
Vienna,,,,,,
Hungary,,,,,,
Al-Dhalea Governorate,,,,,,
Typhoon Maysak,,,,,,
Sanaa,,,,,,
Khartoum,,,,,,
Kyushu,,,,,,
the Damt District,,,,,,
Al-Qaqaa Antar Al-Absi,,,,,,
Hengzhou,,,,,,
Greater Cairo,,,,,,
Kansas City,,,,,,
Central America,,,,,,
South Streator,,,,,,
Upsher County,,,,,,
Kharg Island,,,,,,
the Trishuli River,,,,,,
Coahuila,,,,,,
Morgan County,,,,,,
Rome,,,,,,
Harbin,,,,,,
the South Pacific,,,,,,
San Antonio,,,,,,
Chartres,,,,,,
Aurora,,,,,,
Tyre,,,,,,
Almeria,,,,,,
Taiwan,,,,,,
South Cotabato,,,,,,
Rasuwa,,,,,,
Canary Islands,,,,,,
El Hierro,,,,,,
Mindanao,,,,,,
Bourne,,,,,,
Erebus volcano,,,,,,
Chad,,,,,,
Shenyang,,,,,,
Lanesville,,,,,,
Louisiana,,,,,,
Gulf Coast,,,,,,
Menasha,,,,,,
eastern America,,,,,,
Appleton,,,,,,
Guangdong Province,,,,,,
the Suez Canal,,,,,,
Milan,,,,,,
Rota,,,,,,
Sputnik,,,,,,
Boise,,,,,,
Idaho,,,,,,
Van,,,,,,
Taal Volcano,,,,,,
the Netherlands,,,,,,
Rota Island,,,,,,
Netherlands,,,,,,
Bordeaux,,,,,,
Odyssey,,,,,,
Nuseirat,,,,,,
Guam,,,,,,
West Virginia,,,,,,
the North Marianas,,,,,,
the Pacific Ocean,,,,,,
the Amran Governorate,,,,,,
South Korea's,,,,,,
the Gulf of Suez region,,,,,,
El Niño,,,,,,
Austin,,,,,,
the Gulf of Suez,,,,,,
Fort Worth,,,,,,
the Gulf Coast,,,,,,
the Orchi area,,,,,,
Saxony,,,,,,
Anhalt,,,,,,
Etna,,,,,,
Yamanashi Prefecture,,,,,,
Tokyo,,,,,,
the United Kingdom,,,,,,
Hubei province,,,,,,
Medina,,,,,,
Connecticut,,,,,,
Ezhou,,,,,,
New York State,,,,,,
Harrat,,,,,,
Pacific Islands,,,,,,
Mount Vesuvius,,,,,,
D.C.,,,,,,
the Capitol Building,,,,,,
Gulf,,,,,,
the Kikai Caldera,,,,,,
Gaza Strip,,,,,,
Mass,,,,,,
Victoria,,,,,,
the East Coast,,,,,,
the Marmara Fault,,,,,,
the Vistula River,,,,,,
the Baltic Sea,,,,,,
the Gulf of Mexico coast,,,,,,
Ksar El-Kebir,,,,,,
Hatteras Island,,,,,,
Moscow,,,,,,
eastern Canada,,,,,,
Agadir,,,,,,
Hollywood,,,,,,
Aceh province,,,,,,
Lake Tahoe,,,,,,
Far North,,,,,,
Caribbean coast,,,,,,
the African Union,,,,,,
Addis Ababa,,,,,,
Abu Dhabi,,,,,,
Gaza City,,,,,,
Oslo,,,,,,
Norway,,,,,,
Qasr al-Kebir,,,,,,
Northern California,,,,,,
Geneva,,,,,,
Levant,,,,,,
McLean,,,,,,
Barcelona,,,,,,
Cobourg,,,,,,
Burlington,,,,,,
Euphrates,,,,,,
the Tigris River,,,,,,
The Tigris River,,,,,,
Orlando,,,,,,
Hokkaido,,,,,,
Sapporo,,,,,,
Somaliland,,,,,,
Lake Erie,,,,,,
Buffalo,,,,,,
Lincoln City,,,,,,
Lima,,,,,,
Atlanta,,,,,,
The Nile Delta,,,,,,
Nile,,,,,,
Mekong,,,,,,
Ma'rib,,,,,,
Iceland,,,,,,
glacial lakes,,,,,,
Sydney Harbour,,,,,,
Dohuk,,,,,,
Minneapolis,,,,,,
the Islamic Republic,,,,,,
Quebec,,,,,,
Atlantic,,,,,,
Lake Ontario,,,,,,
Quneitra,,,,,,
Gewan Island,,,,,,
Asia,,,,,,
Springfield,,,,,,
Wyoming,,,,,,
Iowa,,,,,,
the Great Lakes region,,,,,,
Rochester,,,,,,
Rockton,,,,,,
Brantley County,,,,,,
Delta,,,,,,
Enid,,,,,,
Qom,,,,,,
Chile,,,,,,
Forker,,,,,,
Castellon,,,,,,
Mineral Wells,,,,,,
Renaissance Dam,,,,,,
Hasakah,,,,,,
Mosul,,,,,,
Mount Dokono,,,,,,
Halmahera Island,,,,,,
North Maluku Province,,,,,,
Dokono,,,,,,
Miami-Dade,,,,,,
Broward,,,,,,
the Renaissance Dam,,,,,,
Palmer,,,,,,
​​Merrick County,,,,,,
New Delhi,,,,,,
Budapest,,,,,,
Esperance,,,,,,
Chiang,,,,,,
Strait,,,,,,
Middle East,,,,,,
East Coast,,,,,,
New York City's,,,,,,
New York's,,,,,,
the American Northeast,,,,,,
Scituate,,,,,,
El Mencho,,,,,,
Maghreb,,,,,,
Haifa,,,,,,
the Big Island,,,,,,
Pars,,,,,,
Queensland,,,,,,
the Gulf of Carpenta,,,,,,
Kigali,,,,,,
Reunion,,,,,,
North Korea,,,,,,
Seoul,,,,,,
Pyongyang,,,,,,
the Kingdom of Saudi Arabia,,,,,,
Riyadh,,,,,,
Shark Bay,,,,,,
Tropical Cyclone,,,,,,
Lisbon,,,,,,
Fuego,,,,,,
Antigua,,,,,,
Zion American Park,,,,,,
